Compound	CAS	Company	CatalogNumber	FW	Synonyms	Hans80Anti	Hans80metals	FEBA_carbon	FEBA_nitrogen	FEBA_stress	All_star
(-)-Epigallocatechin gallate	989-51-5	Sigma	E4143-50MG	458.37							
(-)-Epinephrine	51-43-4	Sigma	E4250-1G	183.2							
(-)-Norepinephrine	51-41-2	Sigma	A7257-500MG	169.18							
(+/-)-Verapamil hydrochloride	152-11-4	Sigma	V4629-1G	491.06							
1-ethyl-3-methylimidazolium acetate	143314-17-4	Sigma	689483	170.21						yes	
1-ethyl-3-methylimidazolium chloride	65039-09-0			146.62						yes	
1-ethyl-3-methylimidazolium lysine										yes	
18-Crown-6	17455-13-9	Sigma	186651-5G	264.32		yes					
2-bromo-2-nitro-1,3-propanediol	52-51-7	Sigma	134708-100g	199.99		yes					
2-Deoxy-D-Ribose	533-67-5	Sigma	D5899	134.13				yes			
2-Furfuraldehyde	98-01-1	Sigma	185914	96.08						yes	
2-furoic acid	88-14-2	Sigma	F20505	112.08							
2-Mercaptopyridine N-oxide sodium salt	3811-73-2	Sigma	H3261	149.15		yes					
2-methyl-4-isothizaolin-3-one	2682-20-4	Sigma	725765-5g	115.15		yes					
2-undecanol	1653-30-1			172.31							
2,2-dibromo-2-cyanoacetamide	10222-01-2	Sigma	540978-5g	241.87		yes					
2,2'-Dipyridyl	366-18-7	Sigma	36759-1G	156.18							
2,3-dihydroxybenzoic acid	303-38-8			154.12							
2,4-Dinitrophenol	51-28-5	Sigma	D198501-5G	184.11		yes					
2,5-dihydroxybenzoic acid	490-79-9	Sigma	149357	154.12	Gentisic acid						
3-(N-morpholino)propanesulfonic acid	1132-61-2			209.2633	MOPS						
3-hydroxybenzoic acid	99-06-9	Sigma	H20008	138.12							
3-methyl-1-butanol	123-51-3			88.15	Isopentanol						
3-methyl-2-butenol	556-82-1			86.132							
3-methyl-3-butenol	763-32-6			86.13	3-methyl-3-buten-1-ol						
3-Methylcatechol	488-17-5	Sigma	M34006	124.14							
4-Aminobenzoic acid	150-13-0	Sigma	A9878	137.14	p-Aminobenzoic acid, para-aminobenzoic acid						
4-Hydroxyacetophenone	99-93-4	Sigma	278564	136.15			yes				
4-Hydroxybenzaldehyde	123-08-0	Sigma	144088	122.12							
4-Hydroxybenzoic Acid	99-96-7	Sigma	240141	138.12	para-hydroxybenzoic acid			yes			
4-Hydroxymandelic acid monohydrate	184901-84-6	Sigma	168327	186.15							
4-hydroxyphenylacetic acid	156-38-7	Sigma	H50004	152.15							
4-Hydroxyphenylpropionic acid	501-97-3	Sigma	H52406	166.17							
5-Azacytidine	320-67-2	Sigma	A2385-100MG	244.2							
5-Fluoroorotic acid hydrate	207291-81-4	Sigma	F5013-50MG	174.09							
5-fluorouracil	51-21-8	ICN	101722	130.1		yes					
5-Hydroxymethylfurfural	67-47-0	Sigma	W501808	126.11						yes	
5-Keto-D-Gluconic Acid potassium salt	91446-96-7	Sigma	K4125	232.23				yes			
5'-Deoxy-5'-(methylthio)adenosine	2457-80-9	Sigma	D5011	297.33							
8-hydroxy-nitroquinoline	4008-48-4	Sigma	140325-5g	190.16		yes					
a-Cyclodextrin	10016-20-3	Sigma	C4642	160.1026				yes			
a-Ketoglutaric acid disodium salt hydrate	305-72-6	Sigma	K3752	190.06				yes			
acetaldehyde	75-07-0	Sigma	402788	44.05							
Acetic Acid	64-19-7	Sigma	242853	60.05							
acetone	67-64-1	Sigma	179124	58.08							
Acetosyringone	2478-38-8	Sigma	D134406	196.2							
Acetovanillone	498-02-2	Sigma	W508454	166.17							
Actinomycin D	50-76-0	Sigma	A1410	1255.5							
Adenine hydrochloride hydrate	2922-28-3	Sigma	A8751	171.59	Adenine			yes	yes		
Adenosine	58-61-7	Sigma	A9251	267.241				yes	yes		
Agar	9002-18-0	Sigma	A1296								
Agave											
Allopurinol	315-30-0		a8003-5g	136.11		yes					
Aluminum chloride hydrate	10124-27-3	Sigma	229393	133.34			yes			yes	
Aluminum potassium sulfate dodecahydrate	7784-24-9	Sigma	A7210	474.39	Alum, Potassium alum, Potassium aluminum sulfate dodecahydrate, AlK(SO4)2 12H2O						
Amikacin disulfate salt	39831-55-5	Sigma	A1774-250MG	781.76							
Ammonium chloride	12125-02-9	Sigma	A9434	53.49	NH4Cl		yes		yes		
Ammonium heptamolybdate tetrahydrate	12027-67-7			1235.86	Ammonium molybdate		no				
Ammonium Nitrate	6484-52-2	Sigma	A9642	80.04			no				
Ammonium Sulfamate	7773-06-0	Sigma	228745	114.12			no				
Ammonium Sulfate	7783-20-2	Sigma	A4418	132.14	Mascagnite		no				
Ammonium sulfite monohydrate	7783-11-1	Sigma	358983	134.16			no				
Amoxicillin	26787-78-0	Sigma	A8523-1G	365.4		yes	no				
Ampicillin sodium salt	69-52-3	Sigma	A9518	371.39	Ampicillin	yes	no				
Anhydrotetracycline hydrochloride	13803-65-1	fluka	37919	462.88		yes	no				
Antimycin A	1397-94-0	Sigma	a8674-100mg	548.63		yes	no				
AQDS	853-68-9			412.3	anthraquinone-2,6-disulfonate		no				
Atrazin	1924-24-9	fluka	45330	215.68		yes	no				
Azlocillin sodium salt	37091-65-9	Sigma	A7926-1G	483.47		yes	no				
Aztreonam	78110-38-0	Sigma	MP: 150415-1G	435.44		yes	no				
Bacitracin	1405-87-4	Sigma	B0125-50KU	1422.69		yes	no			yes	
Bacto Peptone					Peptone		no				
Baicalein	491-67-8	aldrich	465119-100mg	270.24		yes	no				
Barium chloride dihydrate	10326-27-9						yes				
Benzalkonium Chloride	63449-41-2	Sigma	B6295				no			yes	
Benzethonium chloride	121-54-0	Sigma	B8879-100G	448.08		yes	no			yes	
benzoic acid	65-85-0	Sigma	242381	122.12			no			yes	
Beta-Lactose	5965-66-2	Sigma	L3750	342.3			no	yes			
Bile salts		Sigma	B8756				no				
biotin	58-85-5	Sigma	B4501	244.31	D-Biotin, Bios II, Biotin, Coenzyme R, Vitamin B7, Vitamin H		no				
bismuth(III) chloride	7787-60-2	Sigma	224839	315.34			yes				
Bleomycin sulfate	9041-93-4	Sigma	15361-1MG				no				
Boric Acid	10043-35-3		0084-01 (JT*)	61.83	H3BO3		no				
Butanol	71-36-3	Sigma	B7906	74.12	Butan-1-ol; n-Butanol		no				
Cadmium chloride hemipentahydrate	7790-78-5	Sigma	239208	228.36			yes				
caffeic acid	331-39-5	Sigma	C0625	180.16			no				
Caffeine	58-08-2	Sigma	c-0750	194.2		yes	no				
Calcium chloride	10043-52-4	Sigma	C1016	110.98	CaCl2		no				
Calcium chloride dihydrate	10035-04-8	Sigma	C5080	147.01	Calcium Chloride Dihydrate		yes				
Calcium nitrate tetrahydrate	13477-34-4	Sigma	C1396	236.15			no				
calcium pantothenate	137-08-6	Sigma	C8731	238.27	(R)-(+)-N-(2,4-Dihydroxy-3,3-dimethyl-1-oxobutyl)-_-alanine hemicalcium salt, Calcium D-pantothenate, Vitamin B5, pantothenic acid, Pantothenic acid dicalcium salt, Calcium D,L-pantothenate		no				
CAPS	1135-40-6	Sigma	C2632	221.32	3-(Cyclohexylamino)-1-propanesulfonic acid		no				
capsaicin	404-86-4			305.42			no				
Carbenicillin disodium salt	4800-94-6	Sigma	C1389-5G	422.36	Carbenicillin	yes	no			yes	
Carnitine Hydrochloride	461-05-2	Sigma	C9500	197.66			no	yes	yes		
casamino acids	65072-00-6	BD	223120		CAS amino acids		no	yes	yes		
Casein	9000-71-9	Sigma	C7078				no				
CCCP	555-60-2	Sigma	C2759-100MG	204.62			no				
Cecropin B	80451-05-4	Sigma	C1796-.1MG	3835.65			no				
Cefazolin sodium salt	27164-46-1	Sigma	C5020-100MG	476.49			no				
Cefoxitin sodium salt	33564-30-6	Sigma	C4786-250MG	449.43		yes	no				
Cefsulodin sodium salt hydrate	52152-93-9	Sigma	C8145-100MG	554.53			no				
Ceftazidime hydrate	120618-65-7	Sigma	C3809	546.58			no			yes	
Ceftriaxone disodium salt hemi(heptahydrate)	104376-79-6	Sigma	C5793-250MG	661.6		yes	no				
Cephalothin sodium salt	58-71-9	Sigma	C4520-100MG	418.42		yes	no			yes	
Cerium(III) chloride	7790-86-5	Sigma	202983	246.48	cerium chloride		yes				
Cerulenin	17397-89-6	Sigma	C2389-5MG	223.27			no				
Cesium chloride	7647-17-8	Sigma	289329	168.36	cesium chloride		yes				
Chloramphenicol	56-75-7	Sigma	C0378	323.13		yes	no			yes	
Chlorhexidine diacetate salt hydrate	56-95-1	Sigma	C6143	625.55		yes	no				
Chlorpromazine hydrochloride	69-09-0	Sigma	C8138-5G	355.33		yes	no				
Cholin acetate	14586-35-7	Sigma	670189	163.21			no			yes	
Choline chloride	67-48-1			139.62			no			yes	
Choline Lysine							no			yes	
Chromium(III) Chloride Hexahydrate	10025-73-7	Sigma	450790		chromium chloride		yes				
Ciprofloxacin Hydrochloride	86393-32-0	MP	199020	367.84		yes	no				
Cisplatin	15663-27-1	Sigma	P4394	300.05		yes	no			yes	
Citric Acid	77-92-9	Sigma	251275	192.12			no	yes			
Clarithromycin	81103-11-9	Sigma	C9742-100MG	747.95			no				
Cloxacillin sodium salt monohydrate	7081-44-9	Sigma	C9393-1G	475.88		yes	no				
cobalt (III)-EDTA							no				
Cobalt chloride hexahydrate	7791-13-1	Sigma	255599	237.93	Cobaltous chloride hexahydrate, CoCl2, CoCl2 6H2O, Cobalt Chloride		yes			yes	
Cobalt(II) nitrate hexahydrate	10026-22-9			291.03	Co(NO3)2 6H2O						
Colistin sulfate salt	1264-72-8	Sigma	C4461								
coniferyl alcohol	458-35-5	Sigma	223735	180.2							
coniferyl aldehyde	458-36-6	Sigma	382051	178.18							
copper (II) chloride dihydrate	10125-13-0	Sigma	307483	170.48	CuCl2		yes			yes	
Copper (II) sulfate pentahydrate	7758-99-8	Sigma	C8027	249.69	Blue Vitriol, Cupric sulfate pentahydrate, Sulfuric acid, copper(II) salt (1:1) pentahydrate, CuSO4 5H2O, Cupric Sulfate						
Crystal Violet	548-62-9	Sigma	61135-100g	407.979							
Cyanocobalamin	68-19-9	Sigma	C3607	1355.37	Vitamin B12, _-(5,6-Dimethylbenzimidazolyl)cyanocobamide, CN-Cbl, Cyanocob(III)alamin						
Cycloheximide	66-81-9	Sigma	c7698-1g	281.35		yes					
Cytidine	65-46-3	Sigma	c4654	243.22				yes	yes		
Cytidine 5'-Monophosphate	63-37-6	Sigma	C1131	323.2							
Cytosine	71-30-7	Sigma	C3506	111.1				yes	yes		
D-Alanine	338-69-2	Sigma	A7377	89.09				yes	yes		
D-Arabinose	10323-20-3	Sigma	A3131	150.13				yes			
D-Cellobiose	528-50-7	Sigma	C7252	342.3				yes			
D-Cycloserine	68-41-7	Sigma	C6880-1G	102.09		yes				yes	
D-Fructose	57-48-7	Sigma	F2543	180.16				yes			
D-Galactose	59-23-4	Sigma	G0750	180.16				yes			
D-Galacturonic Acid monohydrate	91510-62-2	Sigma	48280	212.15				yes			
D-Gluconic Acid sodium salt	527-07-1	Sigma	G9005	218.14				yes			
D-Glucosamine Hydrochloride	66-84-2	Sigma	G4875	215.63				yes	yes		
D-Glucose	50-99-7	Sigma	G7528	180.16	glucose			yes			
D-Glucose-6-Phosphate sodium salt	54010-71-8	Sigma	G7879	282.12				yes			
D-Glucuronic Acid	6556-12-3	Sigma	G5269	194.14				yes			
D-Maltose monohydrate	6363-53-7	Sigma	M5885	360.31	Maltose monohydrate			yes			
D-Mannitol	69-65-8	Sigma	M4125	182.17				yes			
D-Mannose	3458-28-4	Sigma	M6020	180.16				yes			
D-Raffinose pentahydrate	17629-30-0	acros	19567-1000	594.52				yes			
D-Ribose	50-69-1	Sigma	R1757	150.13				yes			
D-Salicin	138-52-3	Sigma	S0625	286.28				yes			
D-Serine	312-84-5	Sigma	S4250	105.09				yes	yes		
D-Sorbitol	50-70-4	Sigma	S1876	182.17				yes			
D-Tagatose	87-81-0	Sigma	T2751	180.16				yes			
D-Trehalose dihydrate	6138-23-4	Sigma	T9531	378.33				yes			
D-Xylose	58-86-6	Sigma	X3877	150.13				yes			
D,L-Malic Acid	6915-15-7	Sigma	M0875	134.09				yes			
DEANONOate	372965-00-9	Cayman	82100	206.3							
decyl alcohol	112-30-1			158.28							
Deoxyribonucleic acid from herring sperm		Sigma	D3159								
deuterated glucose	201417-01-8	Sigma	552151	193.15							
deuterated water	7789-20-0	Sigma	151882	20.03							
Dibenzothiophene	132-65-0	Sigma		184.26		yes					
Dibucaine	85-79-0	Sigma	D0513-5G	343.46		yes					
Dicloxacillin sodium salt monohydrate	13412-64-1	Sigma	D9016	510.32		yes					
diethyl ether	60-29-7			74.12							
dimethyl sulfone	67-71-0						yes				
Dimethyl Sulfoxide	67-68-5	Sigma	34869	78.13	DMSO					yes	
Dimetridazole	551-92-8	Sigma	d4025-110g	141.13	1,2-dimethyl-5-nitroimidazole	yes					
Disodium phosphate	7558-79-4			141.96	Na2HPO4						
dodecane	112-40-3			170.34	Dodecane						
Dodecanol	112-53-8			186.34							
Doxorubicin hydrochloride	25316-40-9	Sigma	D1515-10MG	579.98							
Doxycycline hyclate	24390-14-5	Sigma	D9891-1G	512.94		yes				yes	
Econazole nitrate salt	24169-02-6	Sigma	E4632	423.42		yes					
EDTA	60-00-4	Sigma	BP121	292.24							
EDTA (disodium salt)	6381-92-6	Sigma	E6635	336.206							
Erythromycin	114-07-8	Sigma	E5389	733.93		yes					
Ethanol	64-17-5	Sigma	493546	46.07				yes			
ethyl acetate	141-78-6			88.11							
Ethylenediamine-N,N'-disuccinic acid	20846-91-7			292.24	EDDS		yes				
Eugenol	97-53-0	Sigma	E51791	164.2							
Europium(III) chloride	10025-76-0			258.323	europium chloride		yes				
FCCP	370-86-5	Sigma	C2920-10MG	254.17							
Ferric ammonium citrate	1185-57-5	Sigma	F5879	261.98							
Ferric chloride	10025-77-1	Sigma	236489	270.3	Iron (III) chloride hexahydrate		yes				
Ferric citrate	3522-50-7	Sigma	F3388	244.94							
Ferulic Acid	537-98-4	Sigma	128708	194.18							
Flavone	525-82-6	acros	119160010	222.24		yes					
Folic Acid	59-30-3	Sigma	F7876	441.4							
Formamide	75-12-7	Sigma	F9037-100ML	45.04							
Formic Acid	64-18-6	Sigma	251364	46.03							
Furaltadone hydrochloride	3759-92-1	Sigma	F9255-25G	360.75		yes					
Furfuryl Alcohol	98-00-0	Sigma	185930	98.1						yes	
Fusidic acid sodium salt	751-94-0	Sigma	F0881-1G	538.69	Fusidic acid					yes	
G418 disulfate salt solution	108321-42-2	Sigma	G8168	692.71	G418					yes	
Gallic Acid	149-91-7	Sigma	G7384	170.12			yes				
Gelatin	9000-70-8	Sigma	G1890					yes	yes		
Geneticin G418	49863-47-0			496.55		yes					
Gentamicin sulfate salt	1405-41-0	Sigma	G1264							yes	
Gjerstad humics							yes				
Glucuronamide	3789-97-7	MP	157202	193.2				yes	yes		
Gly-DL-Asp	79731-35-4	Sigma	G2754	190.2				yes	yes		
Gly-Glu	7412-78-4	Sigma	G0877	204.18				yes	yes		
Glycerol	56-81-5	Fisher	BP229-1	92.09				yes			
Glycerol phosphate disodium salt hydrate	55073-41-1	Sigma	G6501	216.04							
Glycine	56-40-6	Sigma	G7126	75.07	L-glycine			yes	yes		
glycolaldehyde	23147-58-2	Sigma	G6805	120.1							
Glycolic Acid	79-14-1	Sigma	124737	76.05				yes			
Guaiacol	90-05-1	Sigma	G5502	124.14							
Guanine	73-40-5			151.13							
Guanosine	118-00-3	Sigma	G6752	283.24							
Hans 1000x minerals							yes				
Hans 100x vitamins							yes				
heptanol	111-70-6			116.2							
hexadecane	544-76-3			226.45							
hexanol	111-27-3			102.18							
homovanillic acid	306-08-1	Sigma	H1252	182.17							
Hydrochloric Acid	7647-01-0				Hcl		yes				
Hydrogen peroxide	7722-84-1	Sigma	H3410	34.01							
Hydroquinone	123-31-9	Sigma	H9003	110.11							
Hydroxylamine hydrochloride	5470-11-1	Sigma	159417	69.49	hydroxylamine hcl		yes				
Hygromycin B	31282-04-9	Sigma	H7772	527.52		yes					
Hypotaurine	300-84-5	Sigma	H1384	109.15							
Hypoxanthine	68-94-0	Sigma	H9377	136.11							
Inosine	58-63-9	Sigma	I4125	268.23				yes	yes		
Iodonitrotetrazolium chloride	146-68-9	Sigma	58030-1G-F	505.7							
Irgasan	3380-34-5	Sigma	72779-5G-F	289.54		yes					
Iron (II) chloride tetrahydrate	13478-10-9	Sigma	44936	198.81	FeCl2, FeCl2 7H2O						
Iron (II) sulfate heptahydrate	7782-63-0	Sigma	F2387	278.01	Ferrous sulfate heptahydrate, FeSO4 7H2O, Iron sulfate						
Isobutyl alcohol	78-83-1	Sigma	W217905	74.12	Isobutanol; 2-Methylpropan-1-ol						
Isoniazid	54-85-3	Sigma	I3377-5G	137.14		yes					
Isopropyl alcohol	67-63-0	Sigma	I9516	60.1							
Itaconic Acid	97-65-4	Sigma	I29204	130.1				yes			
Kanamycin sulfate	25839-94-0	Sigma	K4000-50G	582.58						yes	
L-(+)-Ergothioneine	497-30-3	Sigma	E7521	229.3							
L-Alanine	56-41-7	Sigma	A7627	89.09				yes	yes		
L-Arabinose	5328-37-0	Sigma	A3256	150.13				yes			
L-Arginine	74-79-3	Sigma	A5006	174.2				yes	yes		
L-Asparagine	70-47-3	Sigma	A4159	132.12				yes	yes		
L-Aspartic Acid	56-84-8	Sigma	A8949	133.1				yes	yes		
L-Aspartic acid potassium salt	1115-63-5			171.19							
L-Citrulline	372-75-8	Sigma	C7629	175.19				yes	yes		
L-Cysteine hydrochloride monohydrate	7048-04-6	Sigma	C7880	175.63	L-Cysteine HCl			yes	yes		
L-Fucose	2438-80-4	Sigma	F2252	164.16				yes			
L-Glutamic acid monopotassium salt monohydrate	6382-01-0	fluka	49601	203.24	L-Glutamic acid potassium salt monohydrate, L-Glutamic acid potassium salt			yes	yes		
L-Glutamine	56-85-9	Sigma	G3126	146.14				yes	yes		
L-glutathione reduced	70-18-8	Sigma	G4251	307.32							
L-Histidine	71-00-1	Sigma	H8000	155.16	L-Histidine HCl H2O			yes	yes		
L-Isoleucine	73-32-5	Sigma	I2752	131.17				yes	yes		
L-Leucine	61-90-5	Sigma	L8000	131.17				yes	yes		
L-Lysine	56-87-1	Sigma	L5501	146.19				yes	yes	yes	
L-Malic acid disodium salt monohydrate	207511-06-6	Sigma	M9138	196.06				yes			
L-Methionine	63-68-3	Sigma	M9625	149.21				yes	yes		
L-Phenylalanine	63-91-2	Sigma	P2126	165.19				yes	yes		
L-Proline	147-85-3	Sigma	P0380	115.13				yes	yes		
L-Rhamnose monohydrate	10030-85-0	acros	174081000	182.17				yes			
L-Serine	56-45-1	Sigma	S4311	105.09				yes	yes		
L-Sorbose	87-79-6	Sigma	85541	180.16				yes			
L-Threonine	72-19-5	Sigma	T8625	119.12				yes	yes		
L-Tryptophan	73-22-3	Sigma	T0254	204.23				yes	yes		
L-tyrosine	60-18-4			181.19							
L-tyrosine disodium salt	69847-45-6	Sigma	T1145	225.15				yes	yes		
L-Valine	75-18-4	Sigma	V0500	117.15				yes	yes		
lead (II) chloride	7758-95-4	Sigma	268690	278.11							
Lead (II) nitrate	10099-74-8	Sigma	11520	331.21							
Levofloxacin	100986-85-4	Sigma	28266-1G-F	361.37		yes					
Levulinic Acid	123-76-2	Sigma	L2009	116.12							
limonene	138-86-3			136.24	D-Limonene						
Lincomycin hydrochloride	859-18-7	Sigma	L6004	443		yes					
Lipoic acid	1200-22-2	Sigma	O4471	206.33	Thioctic acid						
Lithium chloride	7447-41-8	Sigma	L4408	42.39			yes				
Lomefloxacin hydrochloride	98079-52-8	Sigma	L2906	387.81						yes	
m-Inositol	87-89-8	Sigma	I5125	180.16				yes			
Magnesium chloride hexahydrate	7791-18-6	Sigma	M2670	203.3	MgCl2, magnesium chloride		yes				
Magnesium sulfate	7487-88-9	Sigma	M7506	120.37	MgSO4						
Magnesium Sulfate Heptahydrate	10034-99-8	Sigma	M1880	246.47	Epsom salts, MgSO4 7H2O						
Manganese (II) chloride tetrahydrate	13446-34-9	Sigma	M3634	197.91	MnCl2, manganese chloride, MnCl2 4H2O		yes				
Manganese (II) sulfate monohydrate	10034-96-5	Sigma	M7634	169.02	MnSO4 H2O						
manganese (IV) oxide	1313-13-9	Sigma	529664	86.94							
Mecillinam	32887-01-7	Sigma	33447-100MG	325.43		yes					
Menadione sodium bisulfate	130-37-0	Sigma	M5750	276.24							
MES sodium salt	71119-23-8	Sigma	M3885	217.22							
Methotrexate	133073-73-1	Sigma	M9929-25MG	454.44							
Methyl methanesulfonate	66-27-3	Sigma	129925-5G	110.13							
methylene chloride	75-09-2			84.93							
methylglyoxal	79-98-8	Sigma	M0252	72.06						yes	
Metronidazole	443-48-1			171.15		yes					
Minocycline hydrochloride	13614-98-7	Sigma	M9511-25MG	493.94							
Mitomycin C	50-07-7	Sigma	M0440-5MG	334.33							
MreB Perturbing Compound A22	22816-60-0	Sigma	SML0471	271.6						yes	
N-Acetyl-D-Glucosamine	7512-17-6	Sigma	A8625	221.21				yes	yes		
Nafcillin sodium salt monohydrate	7177-50-6	Sigma	N3269-5G	454.47		yes					
Nalidixic acid sodium salt	3374-05-8	Sigma	N4382	232.24		yes				yes	
Neomycin trisulfate salt hydrate	1405-10-3	Sigma	N1142	908.88						yes	
Nickel (II) chloride hexahydrate	7791-20-0	Sigma	N6136	237.69	NiCl2 6H2O		yes			yes	
Nickel (II) sulfate hexahydrate	7786-81-4			262.85	NiSO4						
Nicotinamide	98-92-0	Sigma	N3376	122.12							
Nicotinic Acid	59-67-6	Sigma	N4126	123.11							
Nigericin sodium salt	28643-80-3	Sigma	N7143-5MG	746.94							
Nitrilotriacetic acid	139-13-9	Sigma	N9877	191.14	N,N-Bis(carboxymethyl)glycine, NTA, Tris(carboxymethyl)amine		yes				
Nitrilotriacetic acid disodium salt	15467-20-6			235.1							
Nitrofurantoin	67-20-9	Sigma	N7878-10G	238.16		yes					
Norfloxacin	70458-96-7	Sigma	N9890	319.33		yes					
Novobiocin sodium salt	1476-53-5	Sigma	N1628	634.61		yes					
O-Phosphoryl-Ethanolamine	1071-23-4	Sigma	P0503	141.06							
octane	111-65-9			114.23							
octanol	111-87-5			130.23							
Oxacillin sodium salt	1173-88-2	Sigma	28221-1G	423.42		yes					
Oxytetracycline hydrochloride	2058-46-0	Sigma	O5875	496.89		yes					
p-Coumaric acid	501-98-4	Sigma	C9008	164.16							
Palladium(II) chloride	7647-10-1	Sigma	205885	177.33	Palladium chloride		yes				
Parabanic Acid	120-89-8	Sigma	P209	114.06				yes	yes		
Paraquat dichloride	1910-42-5	Sigma	36541-100MG	257.16						yes	
Paromomycin sulfate salt	1263-89-4	Sigma	P9297-1G	713.71							
Penicillin g	69-57-8	Sigma	pen-na	356.4		yes					
Pentachlorophenol	87-86-5	Sigma	P2604-5G	266.34							
Pentasodium tripolyphosphate hexahydrate	15091-98-2	Sigma	T5633	475.96							
Phenazine ethosulfate	10510-77-7	Sigma	P4544-1G	334.39		yes					
Phenazine methosulfate	299-11-6	Sigma	P9625-500MG	306.34		yes					
Phleomycin	11006-33-0	Sigma	P9564-5MG								
Phosphomycin disodium salt	26016-99-9	Sigma	P5396-1G	182.02						yes	
pinene	80-56-8			136.24	alpha-Pinene						
Piperacillin sodium salt	59703-84-3	Sigma	P8396	539.54		yes					
PIPES sesquisodium salt	100037-69-2	Fisher	BP304-500	335.34							
Polymyxin B sulfate	1405-20-5	Sigma	P0972-1MU	1385.61						yes	
Potassium 4-aminobenzoate	138-84-1			175.23							
Potassium acetate	127-08-2	Sigma	P1190	98.14				yes			
Potassium aluminum chloride	74978-20-4			490.335	AlKCl2						
Potassium bromide	7758-02-3	Sigma	P0838	119.002	KBr						
Potassium Chloride	7447-40-7	Sigma	P3911	74.55	KCl		yes				
Potassium chromate	7789-00-6	Sigma	216615	194.19			yes				
Potassium dichromate	7778-50-9			294.185							
Potassium hydroxide	1310-58-3			56.11	KOH						
Potassium nitrate	7757-79-1			101.1032	KNO3						
Potassium oxalate monohydrate	6487-48-5	Sigma	O0501	184.23				yes			
Potassium phosphate dibasic	7758-11-4	Sigma	P3786	174.18	K2HPO4, dibasic anhydrous sodium phosphate						
Potassium phosphate monobasic	7778-77-0			136.09	Monopotassium phosphate, Potassium dihydrogen phosphate solution, KH2PO4						
Potassium sulfate	7778-80-5			174.259	K2SO4						
potassium tellurate	7790-58-1	Sigma	P0677	253.79			yes				
Potassium tellurite hydrate	123333-66-4	Sigma	P0677	253.79			yes				
Procaine hydrochloride	51-05-8	Sigma	P9879-50G	272.77		yes					
Propidium iodide	25535-16-4	Sigma	P4170-10MG	668.39							
Protocatechualdehyde	139-85-5	Sigma	D108405	138.12							
Protocatechuic Acid	99-50-3	Sigma	37580	154.12	3,4-dihydroxybenzoic acid						
Puromycin dihydrochloride	58-58-2	Sigma	P7255-25MG	544.43							
Putrescine Dihydrochloride	333-93-7	Sigma	P7505	161.07	Putrescine			yes	yes		
Pyocyanin	85-66-5	Sigma	P0046-5MG	210.23							
Pyridoxine HCl	58-56-0	Sigma	P9755	205.64	Pyridoxine-HCl, pyridoxine hydrochloride, pyridoxine HCl						
Pyrocatechol	120-80-9	Sigma	C9510	110.11							
Radicicol	12772-57-5	Sigma	R2146	364.78							
Ramoplanin	76168-82-6	Sigma	R1781	2554.07		yes					
Rhamnolipid	4348-76-9			650.8							
Riboflavin	83-88-5	Sigma	R4500	376.36							
Rifampicin	13292-46-1	Sigma	R3501-250MG	822.94		yes				yes	
Rotenone	83-79-4	MP	150154	391.41		yes					
rubidium chloride	7791-11-9	Sigma	R2252	120.92			yes				
Sea salts		Sigma	S9883-500G		sea salts (Sigma)						
silver sulfate	10294-26-5						yes				
sinapic acid	530-59-6	Sigma	D7927	224.21							
sinapinaldehyde	4206-58-0	Sigma	382159	208.21							
Sisomicin sulfate salt	53179-09-2	Sigma	S7796-250MG	692.72						yes	
Sodium 2-bromoethanesulfonate	4263-52-9	Sigma	137502	211.01	sodium bromoethanesulfonate		yes				
Sodium 2-mercaptoethanesulfonate	19767-45-4	Sigma	M1511	164.18			yes				
Sodium acetate	127-09-3	Sigma	S28889-250G	82.03	Acetic acid sodium salt					yes	
Sodium antimonate	15432-85-6			192.75			yes				
Sodium arsenate dibasic heptahydrate	10048-95-0	Sigma	A6756-50G	312.01			yes				
Sodium azide	26628-22-8	Sigma	S2002	65.01							
Sodium bicarbonate	144-55-8			84.007	NaHCO3		yes				
Sodium bromate	7789-38-0	Sigma	224871	150.892			yes				
sodium bromide	7647-15-6	Sigma	S4547	102.89			yes				
Sodium butyrate	156-54-7	Sigma	B5887	110.09				yes			
Sodium carbonate	497-19-8			105.9888	Na2CO3		yes				
Sodium Chlorate	7775-09-9	Fisher	S268-500	106.44			yes			yes	
Sodium Chloride	7647-14-5	Sigma	S3014	58.44	NaCl		yes			yes	
Sodium Chlorite	7758-19-2	Sigma	244155	90.44			yes			yes	
Sodium cholate hydrate	206986-87-0	Sigma	C9282-25G	430.55			yes				
Sodium cyanide	143-33-9	Sigma	380970	49.01			yes				
Sodium D-Lactate	920-49-0	Sigma	71716	90.08				yes			
Sodium D,L-Lactate	50-21-5	Sigma	L1375	90.08	sodium lactate			yes			
Sodium deoxycholate monohydrate	145224-92-6	Sigma	D5670	432.57	Sodim deoxycholate monohydrate		yes				
Sodium Dodecyl Sulfate	151-21-3	Sigma	L4390	288.38							
Sodium ethyl sulfate	546-74-7	Sigma	CDS000593_	148.11							
sodium fluoride	7681-49-4	Sigma	S7920	41.99			yes			yes	
Sodium Fluorophosphate	7631-97-2	Sigma	344443	143.95	Sodium monofluorophosphate		yes				
Sodium Formate	141-53-7	Sigma	71539	68.01	Sodium formate			yes			
Sodium Fumarate dibasic	17013-01-3	Sigma	F1506	160.04	Sodium Fumarate			yes			
Sodium Hydroxide	1310-73-2			40	NaOH		yes				
Sodium hypochlorite	7681-52-9	Sigma		74.44			yes				
Sodium hypophosphite monohydrate	10039-56-2	Sigma	S5012	105.99			yes				
sodium iodate	7681-55-2	Sigma	S4007	197.89			yes				
sodium iodide	7681-82-5	Sigma	383112	149.89			yes				
Sodium iodoacetate	305-53-3	Sigma	I2512-25G	207.93							
Sodium L-Lactate	867-56-1	Sigma	L7022	112.06				yes			
Sodium m-arsenite	7784-46-5	Sigma	S7400	129.91	sodium arsenite		yes				
Sodium metavanadate	13718-26-8	Sigma	590088	121.93			yes				
Sodium methanesulfonate	2386-57-4	Sigma	304506	118.09			yes				
Sodium molybdate	7631-95-0	Sigma	243655	205.92	Na2MoO4		yes				
Sodium Molybdate Dihydrate	10102-40-6	Sigma	331058	241.95	Na2MoO4 2H2O						
Sodium nitrate	7631-99-4	Sigma	S8170	84.99	NaNO3		yes		yes	yes	
Sodium nitrite	7632-00-0	Sigma	563218	69			yes		yes	yes	
Sodium octanoate	1984-06-1	Sigma	C5038	166.19				yes			
Sodium perchlorate monohydrate	7791-07-3	Sigma	71852	140.46			yes			yes	
Sodium periodate	7790-28-5	Sigma	S1878	213.89			yes				
Sodium phosphate dibasic heptahydrate	7782-85-6	Sigma	S9390	268.07	Na2HPO4 7H2O						
Sodium phosphate monobasic monohydrate	10049-21-5	Sigma		137.99	monobasic sodium phosphate dihydrate		yes				
Sodium phosphite dibasic pentahydrate	13517-23-2			216.04			yes				
Sodium propionate	137-40-6	Sigma	P1880	96.06	Sodium Proprionate			yes			
Sodium pyrophosphate dibasic	7758-16-9	Sigma	P8135	221.94			yes				
Sodium pyruvate	113-24-6	Sigma	P2256	110.04				yes			
Sodium selenate	13410-01-0	Sigma	S0882	188.94	Na2SeO4		yes				
Sodium selenite pentahydrate	26970-82-1	Sigma	163	263.01	Na2SeO3		yes				
Sodium metasilicate	6834-92-0			122.06	sodium silicate, sodium (meta)silicate		yes				
Sodium succinate dibasic hexahydrate	6106-21-4	Sigma	S2378	270.14	sodium succinate			yes			
Sodium sulfate	7757-82-6			142.04	Na2SO4, Sodium Sulfate		yes				
Sodium sulfide nonahydrate	1313-82-2			240.18	Na2S						
sodium sulfite	7757-83-7	Sigma	S0505	126.04			yes				
Sodium thiophosphate tribasic hydrate	10489-48-2	Sigma	S0764	180.01			yes				
Sodium thiosulfate pentahydrate	10102-17-7	Sigma	S8503	248.18			yes				
Sodium tungstate dihydrate	10213-10-2	Sigma	T2629	329.85	Na2WO4, Na2WO4 2H2O, sodium tungstate, Sodium tungstate		yes				
Spectinomycin dihydrochloride pentahydrate	22189-32-8	Sigma	85555-25G	495.35		yes				yes	
Spiramycin	8025-81-8	Sigma	S9132-1G			yes					
Streptomycin sulfate salt	3810-74-0	Sigma	S6501-5G	728.69							
Streptonigrin	3930-19-6	Sigma	S1014-1MG	506.46							
Strontium chloride	10476-85-4			158.53	SrCl2		yes				
Succinic Acid	110-15-6	Sigma	S3674	118.09							
Sucrose	57-50-1	Sigma	S7903	342.3				yes			
Sulfamethazine sodium salt	1981-58-4	Sigma	S5637-25G	300.31		yes					
Sulfamethizole	144-82-1	Sigma	S5632-10G	270.33		yes					
Sulfamonomethoxine	1220-83-3	Sigma	S0508-250MG	280.3		yes					
Sulfanilamide	63-74-1	Sigma	S9251	172.2							
Sulfaquinoxaline sodium salt	967-80-6	Sigma	S7382	322.32		yes					
syringaldehyde	134-96-3	Sigma	57602	182.17						yes	
Syringic Acid	530-57-4	Sigma	S6881	198.17							
TAPS sodium salt	91000-53-2	Sigma	T0647	265.26							
Taurocholic acid sodium salt hydrate	345909-26-4	Sigma	T4009-250MG	537.68							
Tetracycline hydrochloride	64-75-5	Sigma	T3383-25G	480.9		yes				yes	
Tetrazolium violet	1719-71-7	Sigma	T0138-1G	384.86		yes					
Thallium(I) acetate	563-68-8	Sigma	T8266-5G	263.43			yes			yes	
Theophylline	58-55-9	Sigma	t-1663 50g	180.2		yes					
Thiamine HCl	67-03-8	Sigma	T4625	337.27	Thiamine-HCl, thiamine, thiamin hydrochloride, thiamine HCl						
Thioridazine hydrochloride	130-61-0	Sigma	T9025-5G	407.04		yes					
Thiourea	62-56-6	Sigma	88810	76.12							
Thymidine	50-89-5	Sigma	T1895	242.23				yes	yes		
Thymine	65-71-4	Sigma	T0376	126.11				yes	yes		
Ticarcillin disodium salt	4697-14-7	Sigma	T5639	428.39		yes					
Tobramycin sulfate salt	79645-27-5	Sigma	T1783-100MG	467.51							
toluene	108-88-3			92.14							
Tribenuron-methyl	101200-48-0	Sigma	46013-100-mg	395.39		yes					
Tricine	5704-04-1	Sigma	T0377	179.17							
Trimethoprim	738-70-5	Sigma	T7883	290.32		yes					
Trimethylamine-N-oxide	1184-78-7	Sigma	317594	75.11							
Tris hydrochloride	1185-53-1	Sigma	T5941	157.6	Tris-HCl						
Tris(hydroxymethyl)aminomethane	77-86-1			121.14	Tris, THAM						
Trisodium citrate dihydrate	6132-04-3	Sigma	S1804	294.1				yes			
Tryptone	91079-40-2										
Tunicamycin	11089-65-9	Sigma	T7765-1MG								
Tween 20	9005-64-5	Sigma	P1379	1227.54				yes			
undecene	821-95-4			154.29							
Uracil	66-22-8			112.0868							
Uranyl acetate	541-09-3			424.146							
Urea	57-13-6	Sigma	U5378	60.06					yes		
Uridine	58-96-8	Sigma	U3750	244.2				yes	yes		
Vancomycin Hydrochloride from Streptomyces orientalis	1404-93-9	Sigma	MP: 195545-250MG	1485.71		yes					
Vancomycin Hydrochloride Hydrate	123409-00-7	Sigma	MP: 195545-250MG	1485.7						yes	
Vanillic Acid	121-34-6	Sigma	H36001	168.15							
Vanillin	121-33-5	Sigma	V1104	152.15						yes	
Vanillyl Alcohol	498-00-0	Sigma	175536	154.16			yes				
vanillylmandelic acid	55-10-7	Sigma	H0131	198.17							
Xylitol	87-99-0	Sigma	X3375	152.15				yes			
Yeast Extract	232-387-9										
Zinc chloride	7646-85-7	Sigma	Z0173	136.3	ZnCl2		yes				
Zinc Pyrithione	13463-41-7	Sigma	phr1401-5g	317.7		yes					
Zinc sulfate heptahydrate	7446-20-0	Sigma	Z0251	287.56	zinc sulfate, ZnSO4 7H2O					yes	
sodium carbonate monohydrate	5968-11-6	Sigma	S4132	124							
Starch	9005-25-8				Starch from potato						
D,L-cysteine	3374-22-9	Sigma		121.16	DL-cysteine						
D,L-histidine	4998-57-6	Sigma		155.15	DL-histidine						
Ferric-NTA											
Zinc-NTA											
Copper-NTA											
Sodium thiosulfate	7772-98-7				sodium thiosulfate anhydrous						
Lithium chloride hydrate	85144-11-2										
Nickel-NTA											
vanadium chloride	7718-98-1										
ammonium iron(II) sulfate hexahydrate	7783-85-9										
beryllium sulfate tetrahydrate	7787-56-6										
Gallium(III)chloride	13450-90-3										
potassium tellurate hydrate	314041-10-6										
silver chloride	7783-90-6										
potassium hexahydroxoantimonate	12208-13-8										
gold (III) chloride hydrate	27988-77-8										
mercury (II) chloride	7487-94-7										
platinum (IV) chloride	13454-96-1										
Chromium-NTA											
sodium tetraborate decahydrate	1303-96-4										
Cobalt-NTA											
Manganese-NTA											
Cadmium-NTA											
Aluminum-NTA											
2-Deoxy-D-ribonic acid lithium salt	7284-15-3				lithium deoxyribonoate						
1,4-Butanediol	110-63-4			90.12	Butane-1,4-diol						
2-Piperidinone	675-20-7			99.13	Piperidin-2-one; Valerolactam						
Caprolactam	105-60-2			113.16	Azepan-2-one						
1-Pentanol	71-41-0			88.15	Pentan-1-ol						
2-Ethylhexanol	104-76-7			130.23	2-Ethylhexan-1-ol						
e-Amino-N-Caproic Acid	60-32-2			131.17	Aminocaproic acid; 6-Aminohexanoic acid						
Cholinium dihydrogen phosphate	83846-92-8										
Cholinium lysinate											
Ethanolamine acetate											
Cholinium phosphate											
Cholinium glutamate											
Cholinium hydrogen phosphate											
Butyrolactam	616-45-5			85.11	Pyrrolidin-2-one						
Cholinium aspartate											
Cholinium alpha ketoglutarate											
Geraniol	106-24-1			154.25							
Formaldehyde	50-00-0			30.03							
L-Cysteine	52-90-4	sigmaaldrich	W326305-100G	121.16	 (R)-2-Amino-3-mercaptopropionic acid						
Hemin	16009-13-5	sigmaaldrich	H9039-10G	651.94	Chloro(protoporphyrinato)iron(III), Chlorohemin, Chloroprotoporphyrin IX iron(III), Ferriprotoporphyrin IX chloride, Hemin(chloride)						
hydrous ferric oxide											
Mannan from Saccharomyces cerevisiae	9036-88-8	sigma	M7504-1G								
Inulin from chicory	9005-80-5	sigma	I2255-10G		Inulin						
Pectin	9000-69-5	sigma	P7536-1G								
Ethanolamine	141-43-5	sigma	398136-25ML								
Hyaluronic acid sodium salt from Streptococcus equi	9067-32-7	sigma	53747-1G								
Heparin sodium salt from porcine intestinal mucosa	9041-08-01	sigma	H4784-1G								
Chondroitin sulfate A sodium salt from bovine trachea	39455-18-0	sigma	C9819-5G								
Mucin, Bovine Submaxillary Gland, type I-S	84195-52-8	sigma	M3895-100MG								
Mucin from porcine stomach,Type II	84082-64-4	sigma	M2378-100G								
amylopectin from maize	9037-22-3	sigma	10120-250G								
(+)-Arabinogalactan	9036-66-2	sigma	A9788-1G								
Sodium alginate	9005-38-3	sigma	PHR1471-1G								
Laminarin from Laminaria digitata	9008-22-4	sigma	L9634-1G								
Red Arabinan from sugar-beet		sigma	07681-1G								
arabinogalactan	9036-66-2	sigma	A9788-1G								
Levan - from Erwinia herbicola	9013-95-0	sigma	L8647-1G								
polygalacturonic acid	25990-10-7	sigma	P3889-5G								
cellulose (fibers,medium)	9004-34-6	sigma	C6288-100G								
Amylose from potato	9005-82-7	sigma	A0512-1G								
dextran	9004-54-0										
dextran, Mw ~1,270											
dextran, Mw ~200,000											
Avidin	1405-69-2	sigma									
Methanol	67-56-1										
Acriflavine	8048-52-0										
Berberine	633-65-8										
Fusaric acid	536-69-6										
Naringin	10236-47-2										
Phloretin	60-82-2										
2-Deoxyadenosine 5-monophosphate	653-63-4	Sigma	D6375	331.22							
Adenosine 3,5-Cyclic Monophosphate	60-92-4	Sigma	A9501	329.21	Adenosine 3',5'-Cyclic Monophosphate						
2-Deoxycytidine 5-monophosphate	1032-65-1	Sigma	D7750	307.2							
Uridine 5-monophosphate disodium salt	3387-36-8	Sigma	U6375	368.15							
2'-Deoxycytidine	951-77-9	Sigma	D3897	227.22							
2-Deoxyadenosine monohydrate	16373-93-6	Sigma	D7400	269.26							
2'-Deoxyinosine	890-38-0	Sigma	D5287	252.23							
2-Deoxy-D-glucose	154-17-6	Sigma	D6134	164.16							
Phenylacetic acid	103-82-2	Sigma	P16621	136.15							
4-Aminobutyric acid	56-12-2	Sigma	8003020100	103.12							
5-Aminovaleric acid	660-88-8	Sigma	123188-25G	117.15							
BC Lignin Sorghum		JBEI									
Disodium Glutarate	13521-83-0			191.09							
DL-2-Aminoadipic acid	542-32-5	Sigma	A0637	161.16							
Acridine orange	494-38-2			265.4							
Ethidium Bromide	1239-45-8			394.294							
Potassium iodide	7681-11-0			166							
Nicotinamide N-oxide	1986-81-8			138.12							
Proteose Peptone	91079-38-8	Sigma	82450								
Calf brains											
Beef heart											
Cholic acid	81-25-4	sigma	C1129-25G	408.57							
Chenodeoxycholic acid	474-25-9	sigma	C9377-5G	392.57							
Glycocholic acid hydrate	1192657-83-2	sigma	G2878-1G	465.62							
Deoxycholic acid	83-44-3	sigma	D2510-10G	392.57							
Lithocholic acid	434-13-9	sigma	L6250-10G	376.57							
LL17-29		anaspec	AS-65454-5	1719.1							
Indolicidin	140896-21-5	anaspec	AS-60999	1906.28							
Apidaecin IB		anaspec	AS-62044	2108.4							
LL-37		anaspec	AS-61302	4493.3							
Pediocin	133108-87-9	sigma	P0098-50UG		Pediocin from Pediococcus acidilactici						
Bafilomycin B1	88899-56-3	sigma	11707-1mg	815.99							
Impenum monohydrate	74431-23-5	sigma	I0160-5MG	317.36							
Cecropin A	80451-04-3	sigma	C6830-.1MG	4003.78							
Magainin I	108433-99-4	sigma	M7152 1mg	2409.85							
HOMOPIPES	100037-69-2	Sigma		316.39	homopiperazine-1,4-bis(2-ethanesulfonic acid)						
MES	117961-21-4	Sigma		206.73							
Isomaltose	499-40-1	megazyme	O-IMO2	342.3							
6-O-Acetyl-D-glucose	7286-45-5	carbosynth	MA61678	222.19							
1-Kestose	470-69-9	megazyme	O-KTR	504.44							
Maltotetraose	34612-38-9	megazyme	O-MAL4	666.58							
Xyloglucan (hepta+octa+nona saccharides)		megazyme	O-XGHON								
Maltohexaose	34620-77-4	santa cruz biotech	sc-218665	990.86							
Arabinobiose	78088-21-8	megazyme	O-ABI	282.24							
Cellotriose	33404-34-1	megazyme	O-CTR-50MG	504.44							
Laminaribiose	34980-39-7	megazyme	O-LAM2	342.3							
Mannobiose	14417-51-7	megazyme	O-MBI	342.3							
Mannotriose	28173-52-6	megazyme	O-MTR	504.44							
Verbascose	546-62-3	megazyme	O-VER	828.72							
Xylobiose	6860-47-5	megazyme	O-XBI	282.24							
Xylotriose	47592-59-6	megazyme	O-XTR	414.36							
D-apiose	639-97-4	santa cruz biotech	sc-285338	150.13							
Arabinotriose	89315-59-3	megazyme	ATR	414.36							
Xylotetraose	22416-58-6	megazyme	O-XTE	546.47							
1,4-B-D-Galactobiose	2152-98-9 / 6206-28-6	megazyme	O-GBI4-20MG	342.3							
D-(-)-tagatose	87-81-0	sigma	T2751-1G	180.16							
2-Keto-D-gluconic acid hemicalcium salt hydrate	1040352-40-6	sigma	K6250-1G	213.17							
Rhamnogalacturonan - from potato		carbosynth	YR59706								
D-(+)-Galactosamine hydrochloride	1772-03-08	carbosynth	MG05030	215.6							
meso-Erythritol	149-32-6	sigma	E7500-25G	122.12							
D-Leucrose	7158-70-5	carbosynth	OL06727	342.3							
Stachyose - 70%	470-55-3	carbosynth	OS04261	666.58							
Arabinoxylan (Rye Flour)		megazyme	P-RAXY								
Fructooligosaccharides (FOS)	308066-66-2	megazyme	P-FOS28								
3-O-Methyl-D-glucopyranose	13224-94-7	sigma	M4879-5G	194.18							
D-(-)-lyxose	1114-34-7	sigma	220477-5G	150.13							
L-(-)-sorbose	87-79-6	sigma	85541-50G	180.156							
palatinose hydrate	343336-76-5	sigma	P2007-5G	342.3							
Methyl alpha-D-glucopyranoside	97-30-3	sigma	M9376-100G	194.18							
Melibiose	585-99-9	sigma	M5500-5G	342.3							
(+)-Sodium L-ascorbate	134-03-2	sigma	A7631-25G	198.11							
Valeric acid	109-52-4			102.13							
Hexanoic acid	142-62-1			116.16							
Manganese(II) sulfate tetrahydrate	10101-68-5			223.06	MnSO4*4H20						
Copper(II) Nitrate Trihydrate	10031-43-3			241.6016	Cu(NO3)2.3H2O						
Apramycin sulfate salt	65710-07-8	sigma	A2024	539.58							
Clovis xylem sap											
benzimidazolyl cobamide											
5-methylbenzimidazolyl cobamide											
5-methoxybenzimidazolyl cobamide											
adeninyl cobamide											
2-methyladeninyl cobamide											
L-(+)-tartaric acid	87-69-4			150.09	L-tartaric acid						
L-ascorbic acid	50-81-7			176.12							
Heptanoic acid	111-14-8			130.18							
Octanoic acid	124-07-2			144.21							
Nonanoic acid	112-05-0			158.24	Pelargonic acid						
1,3-Butandiol	107-88-0			90.12							
Lauric acid	143-07-7			200.32							
Myristic acid	544-63-8			228.37							
rac-3-Hydroxypentanoic Acid	10237-77-1			118.13							
Decanoic acid	334-48-5			172.27							
(-)-alpha-bisabolol	23089-26-1			222.37							
Bisabolene	17627-44-0			204.36							
3-O-methyl-glucose	146-72-5			194.183							
4-vinylphenol	2628-17-3			120.15							
1,2-Propanediol	57-55-6			76.09							
Crotonic acid	107-93-7			86.09							
Trans-2-methyl-2-butenoic acid	80-59-1			100.12							
Beta-alanine	107-95-9			89.09							
2-methyl-1-butanol	137-32-6			88.15							
1,5-Pentanediol	111-29-5			104.15							
4-Methyl-2-oxopentanoic acid sodium salt	4502-00-5			152.14	Sodium 4-methyl-2-oxovalerate						
Hydroxy-L-Proline	51-35-4			132							
Delta-Undecalactone	710-04-03			184.28							
Delta-Dodecalactone	713-95-1			198.3							
Delta-Decalactone	705-86-2			170.25							
Delta-Nonalactone	3301-94-8			156.22							
3-Hydroxypropionate	503-66-2			90.08							
Malonic acid	141-82-2			104.061							
3-hydroxybutyric acid	300-85-6			104.105							
Pimelic acid	111-16-0			160.17							
4-hydroxybutyric acid	591-81-1			104.1							
D-Gluconic acid	526-95-4			196.16							
Fumaric acid	110-17-8			116.07							
L-Malic acid	97-67-6			134.09							
Betaine	107-43-7			117.146							
Cadmium acetate dihydrate	5743-04-4			266.53							
Uranyl Acetate Dihydrate	6159-44-0			424.14							
Phenol red	143-74-8			354.38							
Fetal bovine serum											
Lipopolysaccharide											
soytone											
N2	7727-37-9			28.0134							
Oleic acid	112-80-1			282.468							
Butyl stearate	123-95-5			340.58							
3-Methyl-2-Oxobutanoic Acid	759-05-7			116.116							
4-Methyl-2-oxopentanoic acid	816-66-0			130.143							
Beef extract											
Tween 80	9005-65-6			1310							
Triammonium citrate	3458-72-8			243.216							
Pyridoxamine dihydrochloride	524-36-7			241.112							
Xanthine	69-89-6			152.11							
PBS					Phosphate-buffered saline						
N,N,N′,N′-Tetramethylethylenediamine	110-18-9	Sigma	T9281	116.2	TEMED						
2-oxobutyric acid sodium salt	2013-26-5	Sigma	K0875	124.07	Sodium 2-oxobutyrate						
Casamino acids (vitamin assay)		Difco	228820		Casamino acids (vit. assay)						
DL-Isocitric acid trisodium salt hydrate	1637-73-6	Sigma	I1252	258.07	DL isocitric acid						
Oxaloacetic acid	328-42-7	Sigma	O4126	132.07	oxaloacetate						
spermidine	124-20-9	Sigma	S2626	145.25							
3-Methyl-2-oxobutanoic acid sodium salt	3715-29-5	Sigma	198994	138.1	alpha keto isovalerate						
ammonium persulfate	7727-54-0	Sigma	A3678	228.2							
Bathophenanthrolinedisulfonic acid disodium salt hydrate	52746-49-3	Sigma	146617	590.53	BPS						
DETA/NO	146724-94-9	Sigma	D185	163.18	Diethylenetriamine/nitric oxide adduct						
2-n-Heptyl-4-hydroxyquinoline N-oxide	341-88-8	Enzo	VWR 89151-176	259.3	HQNO						
peroxynitrite	14042-01-4	Calbiochem	VWR 80055-374								
Polyethylene glycol	25322-68-3	Sigma	84797	2000							
S-adenosyl Homocysteine	9789-92-0	Sigma	A9384	384.41	S-(5′-Adenosyl)-L-homocysteine						
L-Homoserine	672-15-1	Sigma	H6515	119.12							
4-Methyl-2-oxovaleric acid	816-66-0	Sigma	68255	130.14	2 keto isocaproate						
L-Valine (HPLC purified)	72-18-4	Sigma	50848	117.15	L-Valine HPLC						
H2	1333-74-0			2.02	hydrogen						
Sodium Chromate	7775-11-3			161.97							
Sodium Persulfate	7775-27-1			238.1							
sn-Glycerol 3-phosphate lithium salt	17989-41-2	Sigma	94124	172.07							
Sodium adipate	7486-38-6			190.1							
Suberic acid	505-48-6			174.196							
Azelaic acid	123-99-9			188.22							
Sebacic acid	111-20-6			202.25							
Dodecandioic acid	693-23-2			230.304							
CHIR-090	728865-23-4			437.49							
Ferric EDTA	15275-07-7			344.057							
Arabitol	7643-75-6			152.146							
4-Guanidinobutyric acid	463-00-3			145.16							
Orotic acid	65-86-1			156.1							
2'-Deoxyuridine	951-78-0			228.2							
Auraptene	495-02-3										
Harmol	487-03-6										
Veratrine hydrochloride	17666-25-0										
Anethole	4180-23-8										
Curcumin	458-37-7										
4-hydroxychalcone	20426-12-4										
Benzyl isothiocyanate	622-78-6										
Prenyletin	15870-91-4										
Resveratrol	501-36-0										
Avocatin B											
Plumbagin	481-42-5										
Lupeol	545-47-1										
Isoliquiritigenin	961-29-5										
d-limonene	138-86-7										
Physcion	521-61-9										
Helenine	546-43-0										
Vulpinic acid	521-52-8										
7-hydroxyflavone	6665-86-7										
Avocatin A											
4-acetoxyphenol	3233-32-7										
Sclareolide	564-20-5										
Chaulmoogric acid	502-30-7										
Diallyl sulfide	592-88-1										
Lawsone	83-72-7										
Avocadyne	34524-38-4										
Totarol	511-15-9										
Emodin	518-82-1										
Hydrastine (1R, 9S)	118-08-1										
Biochanin a diacetate	54443-59-3										
dihydrojasmonic acid, methyl ester	24851-98-7										
Solanesol	13190-97-1										
Gossypetin	489-35-0										
Chrysophanol	481-74-3										
Palmatine chloride	10605-02-4										
Piperic acid	5285-18-7										
Levodopa	59-92-7										
Paeonol	552-41-0										
Palmatine	3486-67-7										
Piperine	94-62-2										
Terpene hydrate	2451-01-6										
L-alliin	556-27-4										
Conessine	546-06-5										
Ginkgolide A	15291-75-5										
Paclitaxel	33069-62-4										
Norharman	244-63-3										
Picropodophyllin	477-47-4										
Epigallocatechin	970-74-1										
Pimpinellin	131-12-4										
Boldine	476-70-0										
Benzylhydrazine Hydrochloride	3287-99-8										
Naringenin	480-41-1										
Abietic Acid	514-10-3										
Levomenthol	2216-51-5										
4'-Methoxyflavone	4143-74-2										
Aristolochic Acid	313-67-7										
Quebrachitol	642-38-6										
Dimethylfraxetin	6035-49-0										
Isovanillin	621-59-0										
Synephrine Tartrate	16589-24-5										
Oxedrine	94-07-5										
L-Deoxyalliin	21593-77-1										
Tryptamine	61-54-1										
3,4'-Dimethoxyflavone	4143-62-8										
Cytisine	485-35-8										
3',6-Dihydroxyflavone	71592-46-6										
Andirobin	6488-63-7										
2-Acetylpyrrole	1072-83-9										
Beta-Amyrin	559-70-6										
Pterostilbene	537-42-8										
Artepaulin	13902-54-0										
Rhodinyl Acetate	141-11-7										
Izalpinin	480-14-4										
Carnitine (Dl) Hydrochloride	461-06-3										
Picrotoxinin	17617-45-7										
Gramine	87-52-5										
4-Anisaldehyde	123-11-5										
Thymoquinone	490-91-5										
Diosgenin	512-04-9										
Lapachol	84-79-7										
Docosanol	661-19-8										
3-Aminopropionitrile Fumarate	2079-89-2										
Parthenolide	20554-84-1										
Andrographolide	5508-58-7										
Silibinin	22888-70-6										
Anisodamine Hydrobromide ()	17659-49-3										
Escin	6805-41-0										
Epitheaflavic Acid											
3,4'-Dihydroxyflavone	14919-49-4										
7,4'-Dimethoxyisoflavone											
Aloin	5133-19-7										
Pterin-6-Carboxylic Acid	948-60-7										
Brucine	357-57-3										
Avocadene	24607-08-7										
Veratric Acid	93-07-2										
Bergenin	108032-11-7										
Acacetin	480-44-4										
Sinomenine	115-53-7										
Asiaticoside	16830-15-2										
Leucodin	17946-87-1										
Cimicifugoside H1	163046-73-9										
Oxymatrine	16837-52-8										
Cyclopamine	4449-51-8										
Gamma-Aminobutyric Acid Hydrochloride	56-12-2										
2',2'-Bisepigallocatechin Digallate											
Myricetin	529-44-2										
Strychnine Sulfate	60-41-3										
Arecoline Hydrobromide	300-08-3										
2,5-Dihydroxybenzoic Acid	490-79-9										
Theobromine	83-67-0										
Methyl-2-Hydroxy-Phenylproprionate	89471-28-0										
Esculin Monohydrate	531-75-9										
Khayasin C											
Sparassol	520-43-4										
Quinine Hdrochloride	6119-47-7										
Dihydrodehydroerosone											
Gossypol-Acetic Acid Complex											
Usnic Acid	125-46-2										
Irigenin	548-76-5										
Karanjin	521-88-0										
Harmol Hydrochloride	40580-83-4										
Estragole	140-67-0										
Isosafrole	120-58-1										
2',5'-Dihydroxy-4-Methoxychalcone	6342-92-3										
Mexicanolide	1915-67-9										
Anabasine Hydrochloride	53912-89-3										
Huperzine A	102518-79-6										
Cantharidin	56-25-7										
Peucenin	578-72-3										
Oxonitine											
Cotarnine Chloride	10018-19-6										
Xanthyletin	553-19-5										
Matrine	519-02-8										
Fumarprotocetraric Acid	489-50-9										
Theaflavin											
Chrysin	480-40-0										
Methyl 6-Hydroxyangolensate											
Gambogic Acid	2752-65-0										
Hecogenin	467-55-0										
Cryptotanshinone	35825-57-1										
Morin	480-16-0										
Ursololactone Acetate	28290-51-9										
5,7,4'-Trimethoxyisoflavone	1162-82-9										
Piplartine	20069-09-4										
Nobiletin	478-01-3										
Perillyl Alcohol	536-59-4										
Apigenin Dimethyl Ether	5728-44-9										
4,4'-Dimethoxydalbergione											
Caffeine Hydrobromide	5743-18-0										
Canavanine	543-38-4										
Trans,Trans-Farnesol	4602-84-0										
Camptothecin	7689-03-04										
Daidzein	486-66-8										
Perillic Acid (-)	7694-45-3										
Glycyrrhizic Acid, Ammonium Salt	1405-86-3										
Nerol	106-25-2										
Digoxigenin	1672-46-4										
Methylxanthoxylin	23121-32-6										
Duartin (-)	52305-04-1										
Nordihydroguaretic Acid	500-38-9										
Harmaline	304-21-2										
7,2'-Dihydroxyflavone	77298-66-9										
Brazilein	600-76-0										
Harmane	486-84-0										
Guaiazulene	489-84-9										
Tangeritin	481-53-8										
Linalool ()	78-70-6										
Beta-Lapachone	4707-32-8										
(+/-)-alpha-bisabolol	515-69-5										
3Beta-Hydroxydeoxodihydrodeoxygedunin											
Salsoline	89-31-6										
Rutin	153-18-4										
Rutilantinone	21288-61-9										
Gossypol	303-45-7										
2-Carene-3-One											
Bergapten	484-20-8										
Euphol	514-47-6										
Tetrandrine	518-34-3										
Safrole	94-59-7										
Alpha-Toxicarol (Dl)	82-09-7										
Quercetin	117-39-5										
Apiole	523-80-8										
Acetyl-Dihydro-7-Epikhivorin											
Kawain	3155-48-4										
Salvinorin A	83729-01-5										
Sphondin	483-66-9										
Azadirachtin	11141-17-6										
Agelasine											
Juglone	481-39-0										
Phloridzin	60-81-1										
2-Hydroxy-3,4-Dimethoxybenzoic Acid	5653-46-3										
Salidroside	10338-51-9										
Chrysarobin	491-58-7										
Limonin	1180-71-8										
Harmalol	525-57-5										
Quassin	76-78-8										
Hesperidin	520-26-3										
Quinic Acid	77-95-2										
Harmine	442-51-3										
Triptolide	38748-32-2										
Actein	18642-44-9										
6-Hydroxyflavone	6665-83-4										
Crinamine	639-41-8										
Colchiceine	477-27-0										
Phenethylamine Hydrochloride	64-04-0										
Eudesmic Acid	118-41-2										
Borneol	507-70-0										
Carnosic Acid	3650-09-07										
Theaflavin Digallate	30462-35-2										
4-Methylimidazole	822-36-6										
7,2'-Dimethoxyflavone											
Dipicolinic Acid	499-83-2										
S-Isocorydine ()	475-67-2										
Tomatidine Hydrochloride	69004-03-1										
Deoxysappanone B 7,3'-Dimethyl Ether											
Robustic Acid	5307-59-5										
Cedrelone	1254-85-9										
Dihydrocelastrol											
Visnagin	82-57-5										
Mangiferin	4773-96-0										
Chrysanthemic Acid, Ethyl Ester	97-41-6										
Shikimic Acid	138-59-0										
Rhodocladonic Acid	26984-15-6										
Roccellic Acid	22139-54-4										
Hymecromone Methyl Ether	2555-28-4										
Caryophyllene [T(-)]	87-44-5										
3-methyl-2-oxopentanoic acid	1460-34-0			130.1418							
6-hydroxypyridine-3-carboxylic acid	5006-66-6			139.11							
L-Pipecolic Acid	3105-95-1			129.16							
Trimethylamine	75-50-3			59.11							
Cadaverine	462-94-2			102.181							
Fosmidomycin sodium salt hydrate	66508-37-0			183.1							
Simvastatin	79902-63-9			418.57							
Lovastatin	75330-75-5			404.54							
Atorvastatin calcium salt trihydrate	344423-98-9			2557.6							
Simvastatin Hydroxy Acid Ammonium Salt	139893-43-9			453.61							
DAMPA	19741-14-1			325.33							
Pravastatin lactone	85956-22-5			406.51							
Rosuvastatin calcium	147098-20-2			1001.14							
Neomycin	1404-04-2			614.65							
Sunflower oil	8001-21-6										
4-Deoxypyridoxine	148-51-6										
Pyridoxal hydrochloride	65-22-5										
Sodium ferulate	24276-84-4			216.17							
Maltitol	585-88-6	Sigma	M8892-25G	344.31							
Lactulose	4618-18-2	Sigma	61360-5G	342.3							
Methyl-B-D-galactopyranoside	1824-94-8	Sigma	M0285-1G	194.18							
Lactitol	585-86-4	Sigma	19346-100mg	344.31							
Monensin	17090-79-8			670.9							
Moxifloxacin	151096-09-2			401.4							
Gramicidin	1405-97-6			1882.3							
Linezolid	165800-03-3			337.35							
Tiamulin	55297-95-5			493.7							
Nitrofurazone	59-87-0			198.14							
Pyrimethamine	58-14-0			248.71							
Cefaclor	53994-73-3			367.8							
Isovaleric acid	503-74-2			102.13							
Benzbromarone	3562-84-3			424.1							
Clotrimazole	23593-75-1			344.8							
Zafirlukast	107753-78-6			575.7							
Daptomycin	103060-53-3			1620.7							
Cetomacrogol 1000	9004-95-9			1123.5	Polyethylene glycol hexadecyl ether						
Bicyclomycin	38129-37-2			302.28							
(R)-3-hydroxybutyrate				103.1							
(S)-3-hydroxybutyrate				103.1							
3-acetylpyridine	350-03-8			121.14							
Flavomycin	11015-37-5			1583.6							
Nisin	1414-45-5			3354.1							
Isobutyric acid	79-31-2			88.11							
Hydroxyurea	127-07-1			76.055							
Warfarin	81-81-2			308.3							
Cephalexin	15686-71-2			347.4							
Cefmetazole	56796-20-4			471.5							
Lysozyme	2650-88-3										
PEG 1500	25322-68-3			1500							
PEG 8000	25322-68-3			8000							
Serine hydroxamate	55779-32-3			120.11							
Cephradine	38821-53-3			349.4							
Vitafiber											
ISOT Umich-01											
ISOT Umich-02.b											
Bioecolians											
Yacontrol (Yacon root syrup)											
Fructooligosaccharides from chicory											
Prebiotin											
Maltodextrin											
Fibersol-2-AG											
Promitor											
Cravingzgone											
Vitagos 5650											
Bimuno											
PreticX											
Sunfiber											
ISOT LC742-071714											
ISOT Lot160120											
Avantafiber											
Wako Isomaltooligosaccharides											
Lacto-N-neotetraose	13007-32-4			707.63							
Lacto-N-tetraose	14116-68-8			707.63							
Difucosyllactose	20768-11-0			634.6							
Lacto-N-fucopentaose I	7578-25-8			853.77							
Lacto-N-fucopentaose II	21973-23-9			853.77							
Lacto-N-fucopentaose III	25541-09-07			853.77							
Sialyllacto-N-tetraose a	64003-53-8			998.9							
Sialyllacto-N-tetraose c	64003-55-0			998.9							
Sialyllacto-N-tetraose d	100789-83-1			998.9							
p-lacto-N-neo-hexaose	64309-00-8			1072.97							
FSL											
Porphyran											
Actilight											
3'-sialyllactose sodium salt	128596-80-5			655.5							
6'-O-sialyllactose sodium salt	157574-76-0			655.5							
2'-fucosyllactose	41263-94-9			488.4							
3'-fucosyllactose	41312-47-4			488.4							